"Rank","Average Education Index","City&Population"
"1","17.58","Shorewood Hills, WI / 1,783"
"2","16.66","Maple Bluff, WI / 1,445"
"3","16.48","River Hills, WI / 1,501"
"4","16.4","Fox Point, WI / 6,695"
"5","16.25","Elm Grove, WI / 5,985"
"6","16.25","Whitefish Bay, WI / 14,132"
"7","16","Bayside, WI / 4,479"
"8","16","Shorewood, WI / 13,245"
"9","15.86","North Bay, WI / 253"
"10","15.71","Wind Point, WI / 1,634"
"11","15.7","Mequon, WI / 23,300"
"12","15.64","Egg Harbor, WI / 278"
"13","15.54","Kohler, WI / 2,315"
"14","15.5","Fontana-On-Geneva Lake Village, WI / 1,411"
"15","15.44","Lac La Belle, WI / 277"
"16","15.41","Oconomowoc Lake, WI / 547"
"17","15.4","Chenequa, WI / 536"
"18","15.34","Brookfield, WI / 37,971"
"19","15.3","Ephraim, WI / 218"
"20","15.28","Park Ridge, WI / 563"
"21","15.24","Middleton, WI / 18,185"
"22","15.23","Wauwatosa, WI / 46,838"
"23","15.23","Nashotah, WI / 1,524"
"24","15.23","Madison, WI / 239,848"
"25","15.17","Herbster, WI / 62"
"26","15.16","Cedarburg, WI / 11,485"
"27","15.16","Merton, WI / 3,463"
"28","15.13","Verona, WI / 11,353"
"29","15.12","Mcfarland, WI / 8,009"
"30","15.12","Wales, WI / 2,561"
"31","15.08","Waunakee, WI / 12,613"
"32","15","Delafield, WI / 7,136"
"33","15","Pewaukee, WI / 13,599"
"34","15","Bayfield, WI / 550"
"35","14.97","Glendale, WI / 12,893"
"36","14.9","Thiensville, WI / 3,198"
"37","14.85","Sherwood, WI / 2,770"
"38","14.83","Hudson, WI / 13,023"
"39","14.82","Monona, WI / 7,711"
"40","14.78","Williams Bay, WI / 2,604"
"41","14.77","Dyckesville, WI / 502"
"42","14.75","Okauchee Lake, WI / 4,581"
"43","14.62","Cottage Grove, WI / 6,533"
"44","14.61","Oregon, WI / 9,629"
"45","14.57","Sun Prairie, WI / 30,601"
"46","14.55","River Falls, WI / 15,050"
"47","14.53","Lake Wisconsin, WI / 4,369"
"48","14.51","Fitchburg, WI / 26,050"
"49","14.5","Rib Mountain, WI / 5,512"
"50","14.5","Lake Nebagamon, WI / 1,268"
"51","14.47","Cambridge, WI / 1,362"
"52","14.46","Grafton, WI / 11,539"
"53","14.44","Brown Deer, WI / 12,067"
"54","14.43","Pewaukee village, WI / 8,233"
"55","14.42","Chain O' Lakes, WI / 1,011"
"56","14.42","Greendale, WI / 14,208"
"57","14.41","New Berlin, WI / 39,712"
"58","14.41","Lake Arrowhead, WI / 691"
"59","14.38","Oconomowoc, WI / 15,990"
"60","14.37","Menomonee Falls, WI / 35,828"
"61","14.35","Hartland, WI / 9,161"
"62","14.34","Germantown, WI / 19,791"
"63","14.33","North Hudson, WI / 3,776"
"64","14.32","Ellison Bay, WI / 242"
"65","14.32","Port Washington, WI / 11,401"
"66","14.31","Richfield, WI / 11,365"
"67","14.31","Onalaska, WI / 18,148"
"68","14.31","Elkhart Lake, WI / 961"
"69","14.3","De Forest, WI / 9,232"
"70","14.27","Hobart, WI / 6,951"
"71","14.25","Windsor, WI / 3,902"
"72","14.22","Mount Horeb, WI / 7,286"
"73","14.21","Three Lakes, WI / 519"
"74","14.21","Butte Des Morts, WI / 773"
"75","14.2","Platteville, WI / 11,480"
"76","14.2","Baileys Harbor, WI / 268"
"77","14.19","Minocqua, WI / 350"
"78","14.18","Sussex, WI / 10,632"
"79","14.16","De Pere, WI / 24,216"
"80","14.16","Rockdale, WI / 195"
"81","14.15","Eau Claire, WI / 67,036"
"82","14.14","Lauderdale Lakes, WI / 1,100"
"83","14.13","Tainter Lake, WI / 2,927"
"84","14.13","Muskego, WI / 24,387"
"85","14.12","Washburn, WI / 2,190"
"86","14.12","Stevens Point, WI / 26,778"
"87","14.12","Altoona, WI / 6,940"
"88","14.11","Lake Mills, WI / 5,768"
"89","14.1","Suamico, WI / 11,621"
"90","14.09","Ashippun, WI / 284"
"91","14.09","Green Lake, WI / 1,022"
"92","14.08","Whitewater, WI / 14,801"
"93","14.08","Cross Plains, WI / 3,755"
"94","14.08","Mukwonago, WI / 7,426"
"95","14.06","Waukesha, WI / 71,083"
"96","14.06","Allouez, WI / 13,948"
"97","14.06","Delavan Lake, WI / 2,665"
"98","14.06","Pleasant Prairie, WI / 20,015"
"99","14.05","Stoughton, WI / 12,886"
"100","14.05","Prairie Du Sac, WI / 4,137"
"101","14.05","Mount Pleasant, WI / 26,220"
"102","14.04","Deerfield, WI / 2,468"
"103","14.04","Hales Corners, WI / 7,749"
"104","14.03","Port Wing, WI / 136"
"105","14.02","Franklin, WI / 35,920"
"106","14.01","North Prairie, WI / 2,284"
"107","14","Caledonia, WI / 24,689"
"108","13.99","Elmwood Park, WI / 552"
"109","13.99","Hewitt, WI / 805"
"110","13.97","Eagle, WI / 1,864"
"111","13.96","Downsville, WI / 129"
"112","13.94","La Crosse, WI / 51,864"
"113","13.93","Waubeka, WI / 801"
"114","13.93","Columbus, WI / 5,014"
"115","13.91","Lodi, WI / 3,050"
"116","13.91","Johnson Creek, WI / 2,813"
"117","13.9","Amherst Junction, WI / 391"
"118","13.9","Brice Prairie, WI / 1,762"
"119","13.89","Appleton, WI / 72,861"
"120","13.89","Holmen, WI / 9,335"
"121","13.89","Cornucopia, WI / 76"
"122","13.87","Wind Lake, WI / 5,347"
"123","13.86","Potter Lake, WI / 1,109"
"124","13.86","Saint Croix Falls, WI / 2,059"
"125","13.85","Lake Ripley, WI / 1,727"
"126","13.85","Howards Grove, WI / 3,212"
"127","13.84","Menominee, WI / 16,219"
"128","13.84","Fall River, WI / 1,563"
"129","13.84","Mineral Point, WI / 2,659"
"130","13.84","Little Sturgeon, WI / 169"
"131","13.83","Oak Creek, WI / 34,823"
"132","13.83","Brooklyn, WI / 1,439"
"133","13.83","Sister Bay, WI / 694"
"134","13.83","Kronenwetter, WI / 7,330"
"135","13.83","Evansville, WI / 5,089"
"136","13.81","Nelsonville, WI / 117"
"137","13.81","Ashland, WI / 8,167"
"138","13.8","Tichigan, WI / 5,332"
"139","13.8","Neenah, WI / 25,697"
"140","13.8","Belleville, WI / 2,759"
"141","13.79","Spring Green, WI / 1,701"
"142","13.79","Dousman, WI / 2,274"
"143","13.78","Lake Wissota, WI / 3,017"
"144","13.77","Blue Mounds, WI / 870"
"145","13.75","French Island, WI / 4,384"
"146","13.75","Roberts, WI / 1,701"
"147","13.75","Ashwaubenon, WI / 17,065"
"148","13.75","Waterford, WI / 5,346"
"149","13.74","Powers Lake, WI / 1,092"
"150","13.74","East Troy, WI / 4,300"
"151","13.74","Winneconne, WI / 2,506"
"152","13.73","Port Edwards, WI / 1,804"
"153","13.72","Howard, WI / 18,313"
"154","13.72","Plover, WI / 12,195"
"155","13.71","Barneveld, WI / 1,223"
"156","13.71","Lake Wazeecha, WI / 2,611"
"157","13.71","Wrightstown, WI / 3,132"
"158","13.71","Cedar Grove, WI / 2,139"
"159","13.69","Saint Peter, WI / 1,384"
"160","13.69","Saukville, WI / 4,479"
"161","13.69","Ixonia, WI / 1,690"
"162","13.69","Lake Camelot, WI / 1,002"
"163","13.69","Lake Hallie, WI / 6,550"
"164","13.68","West Salem, WI / 4,895"
"165","13.68","West Bend, WI / 31,496"
"166","13.68","Turtle Lake CDP, WI / 343"
"167","13.67","Trempealeau, WI / 1,698"
"168","13.67","Sobieski, WI / 589"
"169","13.66","Belgium, WI / 2,088"
"170","13.66","Arlington, WI / 829"
"171","13.66","Dodgeville, WI / 4,693"
"172","13.66","Montreal, WI / 760"
"173","13.66","Dunbar, WI / 116"
"174","13.66","Viroqua, WI / 4,378"
"175","13.65","New Richmond, WI / 8,501"
"176","13.65","Hammond, WI / 1,928"
"177","13.64","Lake Sherwood, WI / 343"
"178","13.64","Sturgeon Bay, WI / 9,093"
"179","13.63","Oostburg, WI / 2,905"
"180","13.63","Rothschild, WI / 5,279"
"181","13.63","Superior, WI / 26,932"
"182","13.62","Walworth, WI / 2,825"
"183","13.61","Iron River, WI / 799"
"184","13.61","Gotham, WI / 234"
"185","13.61","Plymouth, WI / 8,408"
"186","13.61","Stockholm, WI / 85"
"187","13.6","Hortonville, WI / 2,701"
"188","13.6","Coon Valley, WI / 766"
"189","13.6","Cobb, WI / 506"
"190","13.6","Spring Valley, WI / 1,410"
"191","13.59","Dale, WI / 538"
"192","13.59","Poynette, WI / 2,516"
"193","13.59","Winchester, WI / 620"
"194","13.58","Eagle Lake, WI / 1,229"
"195","13.58","Big Bend, WI / 1,327"
"196","13.58","Pulaski, WI / 3,507"
"197","13.57","Seymour CDP, WI / 1,582"
"198","13.56","Fort Atkinson, WI / 12,436"
"199","13.56","Fountain City, WI / 910"
"200","13.56","Combined Locks, WI / 3,407"
"201","13.56","Cuba City, WI / 1,899"
"202","13.56","Greenfield, WI / 36,990"
"203","13.56","Prescott, WI / 4,222"
"204","13.56","Sandy Hook, WI / 442"
"205","13.55","Marshfield, WI / 18,514"
"206","13.54","Elkhorn, WI / 10,020"
"207","13.54","Fennimore, WI / 2,416"
"208","13.54","Twin Lakes, WI / 6,033"
"209","13.53","Mazomanie, WI / 1,585"
"210","13.53","Hingham, WI / 999"
"211","13.52","Black Earth, WI / 1,410"
"212","13.52","Fall Creek, WI / 1,316"
"213","13.52","Solon Springs, WI / 559"
"214","13.51","Cleveland, WI / 1,599"
"215","13.51","Galesville, WI / 1,539"
"216","13.51","Couderay, WI / 102"
"217","13.5","Weston, WI / 14,937"
"218","13.5","Hartford, WI / 14,251"
"219","13.5","Odanah, WI / 9"
"220","13.5","Sauk City, WI / 3,445"
"221","13.5","Rosendale, WI / 860"
"222","13.49","Richland Center, WI / 5,128"
"223","13.49","Slinger, WI / 5,131"
"224","13.49","Baldwin, WI / 3,959"
"225","13.48","Sheboygan Falls, WI / 7,796"
"226","13.48","Lancaster, WI / 3,830"
"227","13.48","Brownsville, WI / 648"
"228","13.45","Lake Geneva, WI / 7,693"
"229","13.45","Mount Sterling, WI / 244"
"230","13.45","Somerset, WI / 2,655"
"231","13.44","New Glarus, WI / 2,177"
"232","13.44","Random Lake, WI / 1,451"
"233","13.44","Shell Lake, WI / 1,402"
"234","13.43","Bristol, WI / 4,909"
"235","13.43","Houlton, WI / 305"
"236","13.43","Lake Delton, WI / 2,936"
"237","13.43","Polonia, WI / 562"
"238","13.43","Burlington, WI / 10,528"
"239","13.43","Drummond, WI / 159"
"240","13.42","Wausau, WI / 39,209"
"241","13.42","Osceola, WI / 2,522"
"242","13.42","Little Chute, WI / 10,520"
"243","13.42","Silver Lake, WI / 2,257"
"244","13.42","Osseo, WI / 1,690"
"245","13.42","Chili, WI / 298"
"246","13.42","Jackson, WI / 6,773"
"247","13.41","Boulder Junction, WI / 132"
"248","13.41","Saint Francis, WI / 9,488"
"249","13.41","Poplar, WI / 602"
"250","13.4","Janesville, WI / 63,674"
"251","13.4","Francis Creek, WI / 529"
"252","13.4","Hanover, WI / 178"
"253","13.39","Hazel Green, WI / 1,173"
"254","13.39","Trego, WI / 107"
"255","13.39","Menasha, WI / 17,535"
"256","13.39","Lannon, WI / 1,139"
"257","13.39","Diamond Bluff, WI / 202"
"258","13.39","Merrimac, WI / 448"
"259","13.38","Milton, WI / 5,562"
"260","13.38","Plain, WI / 804"
"261","13.37","Kimberly, WI / 6,590"
"262","13.37","Pardeeville, WI / 2,156"
"263","13.37","Kaukauna, WI / 15,649"
"264","13.37","Oshkosh, WI / 66,430"
"265","13.34","Leopolis, WI / 67"
"266","13.34","Brokaw, WI / 178"
"267","13.34","Watertown, WI / 23,899"
"268","13.34","Stoddard, WI / 790"
"269","13.34","Mosinee, WI / 4,008"
"270","13.34","Edgerton, WI / 5,478"
"271","13.34","Bellevue, WI / 14,936"
"272","13.33","Oakfield, WI / 1,080"
"273","13.33","Tustin, WI / 88"
"273","13.33","Glenbeulah, WI / 442"
"275","13.33","Fond Du Lac, WI / 43,007"
"276","13.33","Chippewa Falls, WI / 13,803"
"277","13.32","Stratford, WI / 1,674"
"278","13.32","Monticello, WI / 1,270"
"279","13.32","Como, WI / 2,582"
"280","13.32","Cumberland, WI / 2,414"
"281","13.32","Westby, WI / 2,246"
"282","13.31","Kenosha, WI / 99,709"
"283","13.31","Genoa City, WI / 3,032"
"284","13.31","Brule, WI / 209"
"285","13.31","Iola, WI / 1,336"
"286","13.3","Kewaunee, WI / 2,925"
"287","13.3","Legend Lake, WI / 1,492"
"287","13.3","Maiden Rock, WI / 94"
"289","13.3","Glen Flora, WI / 74"
"290","13.3","Paddock Lake, WI / 2,999"
"291","13.3","Mercer, WI / 585"
"292","13.3","West Allis, WI / 60,595"
"293","13.29","Iron Belt, WI / 209"
"294","13.29","Ripon, WI / 7,699"
"295","13.29","Star Prairie, WI / 632"
"296","13.29","Rochester, WI / 3,687"
"297","13.29","Stockbridge, WI / 745"
"298","13.29","Rome, WI / 680"
"299","13.28","Pella, WI / 189"
"300","13.28","Cassville, WI / 804"
"301","13.28","West Baraboo, WI / 1,584"
"302","13.27","Marshall, WI / 3,912"
"303","13.27","Orfordville, WI / 1,437"
"304","13.27","Van Dyne, WI / 331"
"305","13.27","Browns Lake, WI / 2,084"
"306","13.26","Lebanon, WI / 340"
"307","13.26","Pulcifer, WI / 123"
"308","13.26","Butler, WI / 1,746"
"309","13.26","Bloomer, WI / 3,558"
"310","13.25","Kewaskum, WI / 4,030"
"311","13.25","Fredonia, WI / 2,089"
"312","13.25","Elk Mound, WI / 981"
"313","13.25","Balsam Lake, WI / 829"
"314","13.24","Seymour, WI / 3,449"
"315","13.24","Rhinelander, WI / 7,642"
"316","13.24","Luck, WI / 1,031"
"317","13.24","Wauzeka, WI / 669"
"318","13.24","Eagle River, WI / 1,647"
"319","13.24","Buffalo City, WI / 1,057"
"320","13.24","Greenbush, WI / 144"
"321","13.23","Wisconsin Dells, WI / 2,369"
"322","13.23","Caroline, WI / 254"
"323","13.23","Lake Koshkonong, WI / 1,235"
"324","13.22","Dalton, WI / 225"
"325","13.21","Portage, WI / 10,227"
"326","13.21","Sullivan, WI / 731"
"327","13.21","Hayward, WI / 1,951"
"328","13.2","Tunnel City, WI / 179"
"329","13.2","Mishicot, WI / 1,349"
"330","13.19","Spooner, WI / 2,634"
"331","13.19","Wisconsin Rapids, WI / 18,162"
"332","13.19","Monroe, WI / 10,807"
"333","13.19","Green Bay, WI / 104,574"
"334","13.19","Gratiot, WI / 176"
"335","13.19","South Milwaukee, WI / 21,210"
"336","13.19","Durand, WI / 1,755"
"337","13.19","Wilson, WI / 256"
"338","13.19","Gilman, WI / 414"
"339","13.18","Arkdale, WI / 166"
"340","13.18","Oliver, WI / 295"
"341","13.18","Luxemburg, WI / 2,557"
"342","13.18","Manitowoc, WI / 33,443"
"343","13.18","Beaver Dam, WI / 16,331"
"344","13.18","Union Grove, WI / 4,883"
"345","13.18","Waukau, WI / 293"
"346","13.18","Tomah, WI / 9,281"
"347","13.18","Hollandale, WI / 330"
"348","13.17","Bangor, WI / 1,523"
"349","13.17","Cecil, WI / 608"
"350","13.17","Campbellsport, WI / 1,906"
"351","13.17","Livingston, WI / 645"
"352","13.16","Montfort, WI / 710"
"353","13.15","Cable, WI / 206"
"354","13.15","Stone Lake, WI / 184"
"355","13.15","Baraboo, WI / 12,046"
"356","13.15","Tennyson, WI / 345"
"357","13.15","Amherst, WI / 1,180"
"358","13.14","Amery, WI / 2,890"
"359","13.14","Rice Lake, WI / 8,353"
"360","13.13","Knowlton, WI / 130"
"361","13.13","Fremont, WI / 744"
"362","13.13","Two Rivers, WI / 11,577"
"363","13.13","Rio, WI / 1,059"
"364","13.13","Gibbsville, WI / 573"
"365","13.13","Wilton, WI / 534"
"366","13.13","Marathon, WI / 1,472"
"367","13.12","Newburg, WI / 1,130"
"368","13.12","Gays Mills, WI / 483"
"369","13.12","Rockland, WI / 638"
"370","13.12","Lake Tomahawk, WI / 187"
"371","13.11","Marinette, WI / 10,890"
"372","13.11","Black Creek, WI / 1,305"
"373","13.1","Rewey, WI / 300"
"374","13.1","Lakewood, WI / 285"
"375","13.09","Ferryville, WI / 163"
"376","13.09","Black River Falls, WI / 3,591"
"377","13.09","Cudahy, WI / 18,321"
"378","13.09","Haugen, WI / 333"
"379","13.08","Omro, WI / 3,541"
"380","13.07","Waupaca, WI / 6,016"
"381","13.07","Scandinavia, WI / 357"
"382","13.07","Argonne, WI / 188"
"383","13.07","Reedsburg, WI / 9,411"
"384","13.07","Hager City, WI / 283"
"385","13.07","Benton, WI / 927"
"386","13.07","Thornton, WI / 91"
"387","13.06","Grantsburg, WI / 1,227"
"388","13.06","Franks Field, WI / 129"
"389","13.06","Arena, WI / 807"
"390","13.06","Neopit, WI / 603"
"391","13.06","Brillion, WI / 3,183"
"392","13.05","Prairie Du Chien, WI / 5,829"
"393","13.05","Cameron, WI / 1,912"
"394","13.05","Patch Grove, WI / 137"
"395","13.05","Forest Junction, WI / 635"
"396","13.04","Woodville, WI / 1,282"
"397","13.04","Dresser, WI / 871"
"398","13.04","Hurley, WI / 1,570"
"399","13.03","Dane, WI / 1,154"
"400","13.03","Clam Lake, WI / 61"
"401","13.03","Camp Lake, WI / 3,898"
"402","13.03","Bonduel, WI / 1,426"
"403","13.03","Medford, WI / 4,349"
"404","13.03","Lomira, WI / 2,340"
"405","13.03","Belmont, WI / 959"
"406","13.03","Cashton, WI / 1,034"
"407","13.03","Shawano, WI / 9,202"
"408","13.03","Sayner, WI / 139"
"409","13.02","Ladysmith, WI / 3,327"
"410","13.02","Alma, WI / 766"
"411","13.02","Cornell, WI / 1,401"
"412","13.01","Colfax, WI / 1,135"
"413","13.01","Phillips, WI / 1,505"
"414","13.01","Chetek, WI / 2,413"
"415","13","Diaperville, WI / 55"
"416","13","Sheboygan, WI / 48,918"
"417","12.99","Chaseburg, WI / 234"
"418","12.99","Milwaukee, WI / 598,078"
"419","12.99","Brodhead, WI / 3,285"
"420","12.99","Allenton, WI / 928"
"421","12.99","Oconto, WI / 4,510"
"422","12.98","Hillsboro, WI / 1,412"
"423","12.98","Schofield, WI / 2,204"
"424","12.98","Vesper, WI / 640"
"425","12.98","Dodge, WI / 133"
"426","12.98","Alma Center, WI / 518"
"427","12.97","Sparta, WI / 9,610"
"428","12.97","Warrens, WI / 354"
"429","12.97","Peshtigo, WI / 3,481"
"430","12.97","Auburndale, WI / 604"
"431","12.97","Coleman, WI / 697"
"432","12.96","De Soto, WI / 291"
"433","12.96","Pence, WI / 120"
"434","12.96","Stetsonville, WI / 586"
"435","12.96","Casco, WI / 520"
"436","12.95","Mondovi, WI / 2,723"
"437","12.94","Almond, WI / 452"
"438","12.94","Montello, WI / 1,494"
"439","12.94","Argyle, WI / 813"
"440","12.94","Jefferson, WI / 7,968"
"441","12.94","Kiel, WI / 3,757"
"442","12.93","Oconto Falls, WI / 2,859"
"443","12.93","Hatley, WI / 481"
"444","12.92","Clinton, WI / 1,997"
"445","12.92","King, WI / 1,626"
"446","12.92","Mount Calvary, WI / 637"
"447","12.92","Spencer, WI / 1,914"
"448","12.92","Taycheedah, WI / 901"
"449","12.92","Ridgeland, WI / 233"
"450","12.91","Reedsville, WI / 1,070"
"451","12.91","Forestville, WI / 447"
"452","12.91","Krakow, WI / 363"
"453","12.91","Neillsville, WI / 2,287"
"454","12.91","Dickeyville, WI / 1,024"
"455","12.91","Horicon, WI / 3,658"
"456","12.9","Park Falls, WI / 2,256"
"457","12.9","Hebron, WI / 172"
"458","12.9","Bloomington, WI / 836"
"459","12.9","Highland, WI / 914"
"460","12.9","Niagara, WI / 1,633"
"461","12.9","Melrose, WI / 549"
"462","12.9","Cambria, WI / 771"
"463","12.9","Whiting, WI / 1,653"
"464","12.9","Whitelaw, WI / 714"
"465","12.89","Saint Cloud, WI / 490"
"466","12.89","Dellwood, WI / 603"
"467","12.89","Pepin, WI / 796"
"468","12.88","Cochrane, WI / 470"
"469","12.88","Strum, WI / 972"
"470","12.88","Biron, WI / 913"
"471","12.87","Westfield, WI / 1,276"
"472","12.87","Iron Ridge, WI / 927"
"473","12.87","Glenwood City, WI / 1,250"
"474","12.87","Superior Village, WI / 653"
"475","12.87","Shullsburg, WI / 1,151"
"476","12.87","Minong, WI / 394"
"477","12.87","Edgar, WI / 1,561"
"478","12.86","Keshena, WI / 1,284"
"479","12.85","Blanchardville, WI / 805"
"480","12.85","Whitehall, WI / 1,661"
"481","12.85","Crandon, WI / 1,843"
"482","12.85","Greenwood, WI / 1,059"
"483","12.85","Maribel, WI / 346"
"484","12.85","Weyerhaeuser, WI / 227"
"485","12.85","Nekoosa, WI / 2,361"
"486","12.85","Navarino, WI / 147"
"487","12.84","New London, WI / 7,091"
"488","12.84","Rudolph, WI / 539"
"489","12.84","Waumandee, WI / 68"
"490","12.84","Abrams, WI / 384"
"491","12.84","Eden, WI / 749"
"492","12.83","New Post, WI / 278"
"493","12.83","Owen, WI / 1,044"
"494","12.83","New Holstein, WI / 3,223"
"495","12.83","Pigeon Falls, WI / 381"
"496","12.83","Darlington, WI / 2,284"
"497","12.83","Merrill, WI / 9,491"
"498","12.83","Camp Douglas, WI / 539"
"499","12.83","Darien, WI / 1,598"
"500","12.82","Edmund, WI / 163"
"501","12.82","Denmark, WI / 2,172"
"502","12.81","Milltown, WI / 1,062"
"503","12.81","Clear Lake, WI / 919"
"504","12.81","Collins, WI / 178"
"505","12.81","Princeton, WI / 1,187"
"506","12.81","Wyeville, WI / 155"
"507","12.81","Burnett, WI / 246"
"508","12.8","Downing, WI / 279"
"509","12.8","Eleva, WI / 735"
"510","12.8","Neosho, WI / 600"
"511","12.8","Elcho, WI / 275"
"512","12.8","Ettrick, WI / 617"
"513","12.79","Loganville, WI / 262"
"514","12.79","Hustler, WI / 184"
"515","12.79","Augusta, WI / 1,556"
"516","12.79","Wittenberg, WI / 1,037"
"517","12.79","Kellnersville, WI / 455"
"518","12.78","Frederic, WI / 1,032"
"519","12.78","Plum City, WI / 618"
"520","12.78","Rosholt, WI / 453"
"521","12.78","Ingram, WI / 87"
"521","12.78","Browntown, WI / 280"
"523","12.78","Embarrass, WI / 603"
"524","12.78","Fairwater, WI / 370"
"525","12.77","Ellsworth, WI / 3,248"
"526","12.77","Waterloo, WI / 3,346"
"527","12.77","Rock Springs, WI / 352"
"528","12.77","Rib Lake, WI / 1,025"
"529","12.76","Tomahawk, WI / 3,335"
"530","12.76","Mount Hope, WI / 166"
"531","12.75","Friendship, WI / 631"
"532","12.75","Birchwood, WI / 497"
"533","12.75","Boyd, WI / 610"
"534","12.75","Zoar, WI / 183"
"535","12.75","Fox Lake, WI / 1,544"
"536","12.74","Theresa, WI / 1,236"
"537","12.74","Nelson, WI / 308"
"538","12.74","Potosi, WI / 687"
"539","12.74","Prentice, WI / 566"
"540","12.74","Sturtevant, WI / 6,981"
"541","12.74","Brandon, WI / 920"
"542","12.74","Manawa, WI / 1,273"
"543","12.74","Racine, WI / 78,347"
"544","12.73","Genoa, WI / 259"
"545","12.73","Hustisford, WI / 1,149"
"546","12.73","Post Lake, WI / 405"
"547","12.73","Valders, WI / 1,042"
"548","12.73","Delavan, WI / 8,467"
"549","12.72","Palmyra, WI / 1,668"
"550","12.72","Adell, WI / 465"
"551","12.72","Endeavor, WI / 464"
"552","12.72","Whittlesey, WI / 129"
"553","12.72","Albany, WI / 1,167"
"554","12.72","Cascade, WI / 676"
"555","12.72","Crivitz, WI / 1,071"
"556","12.72","Tigerton, WI / 865"
"557","12.71","Sharon, WI / 1,607"
"558","12.71","Cadott, WI / 1,384"
"559","12.71","Potter, WI / 251"
"560","12.71","Junction City, WI / 457"
"561","12.71","Eastman, WI / 395"
"562","12.71","Viola, WI / 713"
"563","12.71","Mason, WI / 84"
"564","12.7","Helenville, WI / 239"
"565","12.7","Oakdale, WI / 257"
"566","12.7","Chilton, WI / 3,953"
"567","12.7","Saxon, WI / 73"
"568","12.69","Turtle Lake, WI / 1,168"
"569","12.67","Juda, WI / 335"
"570","12.67","Boscobel, WI / 3,201"
"571","12.67","Catawba, WI / 100"
"572","12.67","Friesland, WI / 405"
"573","12.67","Algoma, WI / 3,152"
"574","12.67","Dallas, WI / 388"
"575","12.67","Blue River, WI / 461"
"576","12.67","Elmwood, WI / 957"
"576","12.67","Gresham, WI / 445"
"578","12.66","Winter, WI / 343"
"579","12.66","Antigo, WI / 8,075"
"580","12.65","West Milwaukee, WI / 4,214"
"581","12.65","Marion, WI / 1,171"
"582","12.65","Thorp, WI / 1,678"
"583","12.65","Butternut, WI / 432"
"584","12.64","Northport, WI / 466"
"585","12.64","Coloma, WI / 415"
"586","12.64","Woodruff, WI / 896"
"587","12.64","Grand View, WI / 177"
"588","12.63","Lynxville, WI / 161"
"589","12.62","Birnamwood, WI / 903"
"590","12.62","Ridgeway, WI / 584"
"591","12.62","Athens, WI / 1,008"
"592","12.62","Lake Lorraine, WI / 286"
"593","12.62","Juneau, WI / 2,750"
"594","12.61","Fenwood, WI / 127"
"595","12.6","Berlin, WI / 5,451"
"596","12.6","Weyauwega, WI / 1,709"
"597","12.6","Clintonville, WI / 4,516"
"598","12.6","Pittsville, WI / 872"
"599","12.6","Gordon, WI / 203"
"600","12.6","Siren, WI / 811"
"601","12.59","Shiocton, WI / 916"
"602","12.59","Linden, WI / 541"
"603","12.59","Muscoda, WI / 1,387"
"604","12.59","Wonewoc, WI / 877"
"605","12.59","Hixton, WI / 525"
"606","12.59","Waldo, WI / 627"
"607","12.59","North Fond Du Lac, WI / 5,000"
"608","12.59","Wild Rose, WI / 755"
"609","12.59","Pound, WI / 484"
"610","12.58","Woodman, WI / 114"
"611","12.58","New Auburn, WI / 540"
"612","12.58","Hawkins, WI / 342"
"613","12.58","Bohners Lake, WI / 2,389"
"614","12.58","Webster, WI / 644"
"615","12.58","Prairie Farm, WI / 476"
"616","12.57","Kingston, WI / 318"
"617","12.57","Beloit, WI / 36,876"
"618","12.57","Birch Hill, WI / 302"
"619","12.56","Yuba, WI / 86"
"620","12.56","Milladore, WI / 245"
"621","12.56","Wyocena, WI / 682"
"622","12.56","Lake Ivanhoe, WI / 512"
"623","12.55","Townsend, WI / 132"
"624","12.55","Elroy, WI / 1,385"
"625","12.54","Wilmot, WI / 282"
"626","12.54","Markesan, WI / 1,510"
"627","12.53","Chief Lake, WI / 555"
"628","12.53","Little Round Lake, WI / 1,301"
"629","12.53","Mellen, WI / 774"
"630","12.52","Tilleda, WI / 90"
"631","12.52","Steuben, WI / 106"
"632","12.51","Middle Village, WI / 262"
"633","12.51","Necedah, WI / 1,011"
"634","12.51","Hatfield, WI / 201"
"635","12.51","Millston, WI / 143"
"636","12.5","Kekoskee, WI / 168"
"637","12.49","Deer Park, WI / 216"
"638","12.49","Suring, WI / 379"
"639","12.49","Bowler, WI / 384"
"640","12.48","Blair, WI / 1,299"
"641","12.48","Pembine, WI / 202"
"642","12.47","Melvina, WI / 80"
"643","12.47","New Lisbon, WI / 2,545"
"644","12.47","Bell Center, WI / 118"
"645","12.47","Exeland, WI / 208"
"646","12.46","Loyal, WI / 1,239"
"647","12.46","Lyndon Station, WI / 659"
"648","12.46","Granton, WI / 397"
"649","12.44","Amberg, WI / 172"
"650","12.44","Summit Lake, WI / 121"
"651","12.44","Lone Rock, WI / 868"
"652","12.44","Kieler, WI / 428"
"653","12.44","Gillett, WI / 1,417"
"654","12.43","Sheldon, WI / 209"
"655","12.43","Bruce, WI / 754"
"656","12.43","Arkansaw, WI / 169"
"657","12.43","Saint Nazianz, WI / 732"
"658","12.43","Lac Du Flambeau, WI / 1,835"
"659","12.42","Doylestown, WI / 303"
"660","12.41","Clayton, WI / 742"
"661","12.41","Avoca, WI / 625"
"662","12.41","Grand Marsh, WI / 70"
"663","12.4","Randolph, WI / 1,695"
"664","12.4","Mauston, WI / 4,446"
"665","12.4","Adams, WI / 1,570"
"666","12.39","Holcombe, WI / 190"
"667","12.39","Centuria, WI / 1,001"
"668","12.39","La Farge, WI / 668"
"669","12.38","Sextonville, WI / 390"
"670","12.38","Readstown, WI / 409"
"671","12.37","Marquette, WI / 114"
"672","12.37","North Freedom, WI / 670"
"673","12.37","Waupun, WI / 11,336"
"674","12.37","Ogdensburg, WI / 226"
"675","12.36","Florence, WI / 573"
"676","12.36","Mayville, WI / 5,086"
"677","12.36","Independence, WI / 1,557"
"678","12.35","Hancock, WI / 286"
"679","12.35","Greenleaf, WI / 694"
"680","12.34","Oxford, WI / 634"
"681","12.34","Hilbert, WI / 1,048"
"682","12.33","Redgranite, WI / 2,143"
"683","12.33","Barron, WI / 3,392"
"684","12.33","Kendall, WI / 476"
"685","12.32","Almena, WI / 688"
"686","12.32","Elderon, WI / 161"
"687","12.31","Stanley, WI / 3,606"
"688","12.31","Wausaukee, WI / 520"
"689","12.31","Ontario, WI / 517"
"690","12.31","Westboro, WI / 208"
"691","12.3","Neshkoro, WI / 406"
"692","12.3","Lena, WI / 488"
"693","12.29","Aniwa, WI / 242"
"694","12.29","Bay City, WI / 512"
"695","12.29","Soldiers Grove, WI / 572"
"696","12.29","Cazenovia, WI / 367"
"697","12.28","Withee, WI / 528"
"698","12.28","Taylor, WI / 462"
"699","12.28","Kennan, WI / 134"
"700","12.27","Wautoma, WI / 2,010"
"701","12.26","New Odanah, WI / 445"
"702","12.26","Danbury, WI / 238"
"703","12.25","Lohrville, WI / 398"
"704","12.25","Boyceville, WI / 1,020"
"705","12.24","Glen Haven, WI / 80"
"706","12.24","Footville, WI / 752"
"707","12.24","Clyman, WI / 376"
"708","12.24","Glidden, WI / 399"
"709","12.23","Lublin, WI / 91"
"710","12.22","Babcock, WI / 66"
"711","12.21","Colby, WI / 1,788"
"712","12.21","Radisson, WI / 144"
"713","12.2","Plainfield, WI / 981"
"714","12.2","Knapp, WI / 458"
"715","12.19","South Wayne, WI / 457"
"716","12.19","Goodman, WI / 267"
"717","12.17","Reeseville, WI / 668"
"718","12.15","Woodford, WI / 88"
"719","12.15","Lowell, WI / 322"
"720","12.13","Ironton, WI / 280"
"721","12.12","Dorchester, WI / 929"
"722","12.12","Angelica, WI / 87"
"723","12.12","Emerald, WI / 177"
"724","12.11","Marengo, WI / 139"
"725","12.07","White Lake, WI / 303"
"726","12.07","Mountain, WI / 310"
"727","12.03","Abbotsford, WI / 2,134"
"728","12.03","Bagley, WI / 493"
"729","12.03","Laona, WI / 466"
"730","12.01","Springfield, WI / 235"
"731","12","Pine River, WI / 97"
"731","12","Jim Falls, WI / 157"
"733","11.99","Eland, WI / 266"
"734","11.97","Arcadia, WI / 2,953"
"735","11.97","Merrillan, WI / 650"
"736","11.95","Unity, WI / 363"
"737","11.94","Wabeno, WI / 530"
"738","11.94","Newald, WI / 148"
"739","11.92","Bancroft, WI / 607"
"740","11.92","Bear Creek, WI / 437"
"741","11.9","Poy Sippi, WI / 377"
"742","11.89","Chelsea, WI / 109"
"743","11.89","Mole Lake, WI / 598"
"744","11.89","Arpin, WI / 353"
"745","11.87","Tony, WI / 82"
"746","11.86","Union Center, WI / 226"
"747","11.86","La Valle, WI / 391"
"748","11.83","Packwaukee, WI / 281"
"749","11.83","Eureka, WI / 268"
"750","11.82","Barronett, WI / 124"
"751","11.81","Boaz, WI / 116"
"752","11.8","Conrath, WI / 109"
"753","11.79","Long Lake, WI / 23"
"754","11.75","Humbird, WI / 198"
"755","11.72","Reserve, WI / 524"
"756","11.71","Green Valley, WI / 90"
"757","11.66","Bluffview, WI / 793"
"758","11.56","Nichols, WI / 189"
"759","11.55","Ogema, WI / 211"
"760","11.54","Lewis, WI / 99"
"761","11.47","Jump River, WI / 47"
"762","11.46","Big Falls, WI / 126"
"763","11.4","Wheeler, WI / 340"
"764","11.39","Mattoon, WI / 467"
"765","11.33","Lime Ridge, WI / 204"
"766","11.31","Norwalk, WI / 632"
"767","11.3","Fairchild, WI / 493"
"768","10.91","Curtiss, WI / 298"
"769","10.85","Cataract, WI / 136"
