"Rank","House Median Value","City&Population"
"1","$977,900","Chenequa, WI / 536"
"2","$904,800","Lac La Belle, WI / 277"
"3","$830,600","Oconomowoc Lake, WI / 547"
"4","$619,900","River Hills, WI / 1,501"
"5","$596,400","Shorewood Hills, WI / 1,783"
"6","$450,400","Maple Bluff, WI / 1,445"
"7","$386,400","Minocqua, WI / 350"
"8","$371,000","Merton, WI / 3,463"
"9","$369,200","Ephraim, WI / 218"
"10","$362,900","Elm Grove, WI / 5,985"
"11","$362,700","Fontana-On-Geneva Lake Village, WI / 1,411"
"12","$355,000","Egg Harbor, WI / 278"
"13","$354,600","Delafield, WI / 7,136"
"14","$346,900","Mequon, WI / 23,300"
"15","$336,100","Okauchee Lake, WI / 4,581"
"16","$336,000","Nashotah, WI / 1,524"
"17","$325,600","Bayside, WI / 4,479"
"18","$324,400","Ellison Bay, WI / 242"
"19","$322,400","Whitefish Bay, WI / 14,132"
"20","$320,700","North Bay, WI / 253"
"21","$320,000","Herbster, WI / 62"
"22","$315,000","Chain O' Lakes, WI / 1,011"
"23","$300,200","Waunakee, WI / 12,613"
"24","$299,400","Richfield, WI / 11,365"
"25","$295,400","Shorewood, WI / 13,245"
"26","$289,500","Fox Point, WI / 6,695"
"27","$284,100","Lauderdale Lakes, WI / 1,100"
"28","$282,300","Brookfield, WI / 37,971"
"29","$277,600","Middleton, WI / 18,185"
"30","$276,400","Dyckesville, WI / 502"
"31","$274,100","Wales, WI / 2,561"
"32","$273,400","Lake Wisconsin, WI / 4,369"
"33","$272,600","Lake Koshkonong, WI / 1,235"
"34","$271,500","Baileys Harbor, WI / 268"
"35","$268,500","Fitchburg, WI / 26,050"
"36","$268,000","Muskego, WI / 24,387"
"37","$267,100","Pewaukee, WI / 13,599"
"38","$261,600","Wind Point, WI / 1,634"
"39","$259,600","Tichigan, WI / 5,332"
"40","$259,300","Sussex, WI / 10,632"
"41","$258,300","Clam Lake, WI / 61"
"42","$252,700","Cedarburg, WI / 11,485"
"43","$251,500","Cottage Grove, WI / 6,533"
"44","$248,800","Wind Lake, WI / 5,347"
"45","$248,100","Lake Arrowhead, WI / 691"
"46","$245,500","Hartland, WI / 9,161"
"47","$245,100","Verona, WI / 11,353"
"48","$242,200","Williams Bay, WI / 2,604"
"49","$241,200","North Prairie, WI / 2,284"
"50","$240,100","Mcfarland, WI / 8,009"
"51","$236,800","Waubeka, WI / 801"
"52","$236,700","New Berlin, WI / 39,712"
"53","$236,100","Cross Plains, WI / 3,755"
"54","$234,900","Germantown, WI / 19,791"
"55","$233,700","Butte Des Morts, WI / 773"
"56","$232,900","Sister Bay, WI / 694"
"57","$232,000","Oconomowoc, WI / 15,990"
"58","$231,800","Rochester, WI / 3,687"
"59","$228,800","Windsor, WI / 3,902"
"60","$228,000","Sherwood, WI / 2,770"
"61","$227,100","Menomonee Falls, WI / 35,828"
"62","$226,500","Franklin, WI / 35,920"
"63","$226,400","Lake Sherwood, WI / 343"
"64","$225,400","Mount Horeb, WI / 7,286"
"65","$224,800","Dousman, WI / 2,274"
"66","$223,600","Kohler, WI / 2,315"
"66","$223,600","Monona, WI / 7,711"
"68","$223,100","Sobieski, WI / 589"
"69","$223,000","Hales Corners, WI / 7,749"
"70","$222,500","Wauwatosa, WI / 46,838"
"71","$222,100","Ashippun, WI / 284"
"72","$220,700","Lake Ripley, WI / 1,727"
"73","$217,400","Hudson, WI / 13,023"
"74","$216,900","Oregon, WI / 9,629"
"75","$216,800","Thiensville, WI / 3,198"
"76","$215,800","Mukwonago, WI / 7,426"
"77","$214,900","Lake Camelot, WI / 1,002"
"78","$212,400","North Hudson, WI / 3,776"
"79","$211,600","Madison, WI / 239,848"
"80","$211,100","Big Bend, WI / 1,327"
"81","$210,800","Ixonia, WI / 1,690"
"82","$210,700","Little Sturgeon, WI / 169"
"83","$210,600","Suamico, WI / 11,621"
"84","$208,200","Glendale, WI / 12,893"
"85","$207,700","Bristol, WI / 4,909"
"86","$207,200","Rome, WI / 680"
"87","$205,600","Hingham, WI / 999"
"88","$205,500","Oak Creek, WI / 34,823"
"89","$204,900","Eagle, WI / 1,864"
"90","$204,800","Grafton, WI / 11,539"
"91","$204,300","Pleasant Prairie, WI / 20,015"
"92","$203,500","Potter Lake, WI / 1,109"
"93","$203,300","Sun Prairie, WI / 30,601"
"94","$202,900","Greendale, WI / 14,208"
"94","$202,900","Saint Peter, WI / 1,384"
"96","$202,800","Sandy Hook, WI / 442"
"97","$202,500","Wilson, WI / 256"
"98","$202,100","De Forest, WI / 9,232"
"99","$200,000","Merrimac, WI / 448"
"99","$200,000","Lebanon, WI / 340"
"101","$199,200","Bayfield, WI / 550"
"102","$198,800","Delavan Lake, WI / 2,665"
"103","$198,500","Dane, WI / 1,154"
"104","$197,900","Knowlton, WI / 130"
"105","$196,900","Caledonia, WI / 24,689"
"106","$196,800","Saukville, WI / 4,479"
"107","$196,600","Taycheedah, WI / 901"
"108","$196,200","Rockdale, WI / 195"
"109","$195,100","Elmwood Park, WI / 552"
"110","$194,700","Prairie Du Sac, WI / 4,137"
"111","$194,400","Waukesha, WI / 71,083"
"112","$192,100","Slinger, WI / 5,131"
"113","$191,700","Hobart, WI / 6,951"
"114","$190,600","Lake Geneva, WI / 7,693"
"115","$190,300","Port Washington, WI / 11,401"
"115","$190,300","Silver Lake, WI / 2,257"
"117","$189,700","Arlington, WI / 829"
"118","$188,300","Powers Lake, WI / 1,092"
"119","$187,500","Post Lake, WI / 405"
"119","$187,500","Lake Nebagamon, WI / 1,268"
"121","$187,200","East Troy, WI / 4,300"
"122","$187,000","Pewaukee village, WI / 8,233"
"123","$186,300","Waterford, WI / 5,346"
"124","$186,000","Kewaskum, WI / 4,030"
"125","$184,900","Browns Lake, WI / 2,084"
"126","$184,200","Elkhart Lake, WI / 961"
"127","$183,900","Belgium, WI / 2,088"
"128","$183,000","Fredonia, WI / 2,089"
"128","$183,000","Mount Pleasant, WI / 26,220"
"130","$182,900","Lake Wissota, WI / 3,017"
"131","$182,700","Deerfield, WI / 2,468"
"132","$182,600","Lodi, WI / 3,050"
"133","$182,100","Sauk City, WI / 3,445"
"134","$181,400","Stoughton, WI / 12,886"
"135","$181,300","Union Grove, WI / 4,883"
"135","$181,300","Hartford, WI / 14,251"
"137","$181,000","Walworth, WI / 2,825"
"138","$180,200","Newburg, WI / 1,130"
"139","$180,100","Jackson, WI / 6,773"
"140","$179,900","Tainter Lake, WI / 2,927"
"141","$179,100","Rib Mountain, WI / 5,512"
"142","$178,600","Polonia, WI / 562"
"143","$178,100","Sullivan, WI / 731"
"143","$178,100","Trego, WI / 107"
"145","$177,800","Brownsville, WI / 648"
"146","$177,400","Barneveld, WI / 1,223"
"147","$177,200","Belleville, WI / 2,759"
"148","$176,800","Johnson Creek, WI / 2,813"
"149","$176,500","Howard, WI / 18,313"
"150","$176,400","Mazomanie, WI / 1,585"
"151","$176,100","Hewitt, WI / 805"
"152","$175,900","Black Earth, WI / 1,410"
"152","$175,900","Brooklyn, WI / 1,439"
"154","$175,800","Burlington, WI / 10,528"
"155","$175,000","Cornucopia, WI / 76"
"156","$174,600","Cambridge, WI / 1,362"
"156","$174,600","Bohners Lake, WI / 2,389"
"158","$173,500","Greenfield, WI / 36,990"
"159","$173,000","Prescott, WI / 4,222"
"160","$172,800","Bellevue, WI / 14,936"
"161","$172,100","Diamond Bluff, WI / 202"
"162","$171,500","Houlton, WI / 305"
"163","$170,800","Butler, WI / 1,746"
"164","$170,500","Twin Lakes, WI / 6,033"
"165","$170,000","Howards Grove, WI / 3,212"
"166","$169,800","Whitewater, WI / 14,801"
"166","$169,800","River Falls, WI / 15,050"
"168","$169,100","Poplar, WI / 602"
"169","$169,000","Seymour CDP, WI / 1,582"
"170","$168,800","Brokaw, WI / 178"
"171","$168,600","Como, WI / 2,582"
"172","$168,500","Neosho, WI / 600"
"173","$167,700","Camp Lake, WI / 3,898"
"174","$167,600","De Pere, WI / 24,216"
"175","$167,100","Lannon, WI / 1,139"
"176","$166,200","Random Lake, WI / 1,451"
"177","$165,900","Hebron, WI / 172"
"178","$165,600","Stockholm, WI / 85"
"178","$165,600","West Bend, WI / 31,496"
"178","$165,600","Boulder Junction, WI / 132"
"181","$165,500","Lake Mills, WI / 5,768"
"182","$165,400","Kronenwetter, WI / 7,330"
"182","$165,400","Wrightstown, WI / 3,132"
"182","$165,400","Hager City, WI / 283"
"185","$165,200","Park Ridge, WI / 563"
"186","$165,100","Plover, WI / 12,195"
"187","$164,900","Lake Hallie, WI / 6,550"
"188","$164,700","Onalaska, WI / 18,148"
"189","$164,600","Blue Mounds, WI / 870"
"190","$164,400","Townsend, WI / 132"
"191","$163,400","Elkhorn, WI / 10,020"
"192","$162,500","Lake Lorraine, WI / 286"
"193","$162,100","Northport, WI / 466"
"194","$162,000","Springfield, WI / 235"
"195","$161,800","Plain, WI / 804"
"195","$161,800","Allenton, WI / 928"
"197","$161,500","Holmen, WI / 9,335"
"198","$160,900","Combined Locks, WI / 3,407"
"199","$160,500","Winchester, WI / 620"
"200","$160,300","Evansville, WI / 5,089"
"200","$160,300","Amherst Junction, WI / 391"
"202","$159,900","Wisconsin Dells, WI / 2,369"
"202","$159,900","Brice Prairie, WI / 1,762"
"204","$159,800","Wyocena, WI / 682"
"205","$159,000","Cedar Grove, WI / 2,139"
"206","$158,900","Angelica, WI / 87"
"207","$158,600","New Glarus, WI / 2,177"
"208","$158,300","Poynette, WI / 2,516"
"209","$158,200","Green Lake, WI / 1,022"
"210","$158,100","Paddock Lake, WI / 2,999"
"211","$157,700","Luxemburg, WI / 2,557"
"211","$157,700","Pulcifer, WI / 123"
"211","$157,700","Dale, WI / 538"
"211","$157,700","Ellsworth, WI / 3,248"
"215","$157,500","Pine River, WI / 97"
"215","$157,500","South Milwaukee, WI / 21,210"
"217","$157,000","Fall River, WI / 1,563"
"218","$156,900","Eagle Lake, WI / 1,229"
"219","$156,700","Saint Croix Falls, WI / 2,059"
"220","$156,500","West Salem, WI / 4,895"
"221","$156,300","Stockbridge, WI / 745"
"222","$155,600","Mercer, WI / 585"
"223","$155,200","Palmyra, WI / 1,668"
"224","$154,800","Cudahy, WI / 18,321"
"225","$154,300","Columbus, WI / 5,014"
"226","$154,200","Rosendale, WI / 860"
"227","$153,800","Fort Atkinson, WI / 12,436"
"228","$153,600","Summit Lake, WI / 121"
"228","$153,600","Ferryville, WI / 163"
"230","$153,400","Hustisford, WI / 1,149"
"231","$152,500","Watertown, WI / 23,899"
"232","$152,400","Hatley, WI / 481"
"233","$152,100","Cleveland, WI / 1,599"
"233","$152,100","Greenbush, WI / 144"
"235","$151,700","Saint Francis, WI / 9,488"
"236","$151,600","Cascade, WI / 676"
"237","$151,400","Wilmot, WI / 282"
"238","$151,300","Spring Green, WI / 1,701"
"238","$151,300","Arkdale, WI / 166"
"240","$151,000","Brown Deer, WI / 12,067"
"241","$150,800","Campbellsport, WI / 1,906"
"241","$150,800","Allouez, WI / 13,948"
"243","$150,700","Genoa City, WI / 3,032"
"244","$150,600","Burnett, WI / 246"
"245","$150,500","Marshall, WI / 3,912"
"246","$150,300","Hortonville, WI / 2,701"
"247","$150,200","Oakfield, WI / 1,080"
"248","$150,000","Lake Tomahawk, WI / 187"
"249","$149,900","Waterloo, WI / 3,346"
"250","$149,800","Eagle River, WI / 1,647"
"251","$149,500","Oostburg, WI / 2,905"
"252","$149,300","Ashwaubenon, WI / 17,065"
"252","$149,300","Jefferson, WI / 7,968"
"254","$149,100","Gibbsville, WI / 573"
"255","$148,900","Mineral Point, WI / 2,659"
"256","$148,700","Platteville, WI / 11,480"
"257","$148,200","Superior Village, WI / 653"
"258","$148,100","Delavan, WI / 8,467"
"259","$148,000","Trempealeau, WI / 1,698"
"260","$147,900","Whittlesey, WI / 129"
"261","$146,500","Altoona, WI / 6,940"
"262","$145,900","Plymouth, WI / 8,408"
"263","$145,500","Pardeeville, WI / 2,156"
"263","$145,500","West Allis, WI / 60,595"
"265","$145,300","Darien, WI / 1,598"
"266","$145,200","Mount Calvary, WI / 637"
"267","$145,000","Stone Lake, WI / 184"
"268","$143,900","Kenosha, WI / 99,709"
"269","$143,700","Roberts, WI / 1,701"
"270","$143,600","Fountain City, WI / 910"
"270","$143,600","Helenville, WI / 239"
"270","$143,600","Kieler, WI / 428"
"273","$143,500","Weston, WI / 14,937"
"273","$143,500","Auburndale, WI / 604"
"275","$143,400","Lomira, WI / 2,340"
"276","$142,800","Seymour, WI / 3,449"
"277","$142,700","West Baraboo, WI / 1,584"
"278","$142,500","Sheboygan Falls, WI / 7,796"
"279","$141,900","Iron River, WI / 799"
"280","$141,300","Sturtevant, WI / 6,981"
"281","$141,100","Winneconne, WI / 2,506"
"282","$140,700","New Richmond, WI / 8,501"
"282","$140,700","Baraboo, WI / 12,046"
"284","$140,600","Sharon, WI / 1,607"
"285","$140,500","French Island, WI / 4,384"
"285","$140,500","Lake Delton, WI / 2,936"
"287","$140,200","Little Chute, WI / 10,520"
"288","$139,800","Three Lakes, WI / 519"
"289","$139,400","Menominee, WI / 16,219"
"290","$138,900","Baldwin, WI / 3,959"
"290","$138,900","Edgerton, WI / 5,478"
"292","$138,600","Eau Claire, WI / 67,036"
"293","$138,300","Whiting, WI / 1,653"
"294","$138,000","Marathon, WI / 1,472"
"295","$137,900","Woodruff, WI / 896"
"295","$137,900","Appleton, WI / 72,861"
"297","$137,500","Kimberly, WI / 6,590"
"297","$137,500","Nelsonville, WI / 117"
"297","$137,500","Oliver, WI / 295"
"300","$137,200","Kaukauna, WI / 15,649"
"301","$137,100","Omro, WI / 3,541"
"301","$137,100","Dickeyville, WI / 1,024"
"301","$137,100","Mayville, WI / 5,086"
"304","$136,600","Greenleaf, WI / 694"
"305","$136,500","Potter, WI / 251"
"306","$136,200","Tomahawk, WI / 3,335"
"307","$135,900","Galesville, WI / 1,539"
"308","$135,300","Osceola, WI / 2,522"
"309","$135,200","Adell, WI / 465"
"310","$135,000","Denmark, WI / 2,172"
"311","$134,900","Barronett, WI / 124"
"312","$134,600","Sturgeon Bay, WI / 9,093"
"313","$134,400","Waukau, WI / 293"
"314","$134,200","Fremont, WI / 744"
"315","$133,400","Somerset, WI / 2,655"
"316","$133,000","Dodgeville, WI / 4,693"
"317","$132,900","Neenah, WI / 25,697"
"318","$132,700","Bangor, WI / 1,523"
"318","$132,700","Portage, WI / 10,227"
"320","$132,500","Long Lake, WI / 23"
"320","$132,500","Hammond, WI / 1,928"
"322","$131,600","Whitelaw, WI / 714"
"323","$131,400","Iron Ridge, WI / 927"
"324","$131,300","Star Prairie, WI / 632"
"324","$131,300","Arena, WI / 807"
"326","$131,000","West Milwaukee, WI / 4,214"
"327","$130,900","Chilton, WI / 3,953"
"328","$130,700","Juneau, WI / 2,750"
"329","$130,600","Rio, WI / 1,059"
"330","$130,400","Rockland, WI / 638"
"331","$130,300","Orfordville, WI / 1,437"
"331","$130,300","Fall Creek, WI / 1,316"
"333","$129,800","Rothschild, WI / 5,279"
"334","$129,700","Lancaster, WI / 3,830"
"335","$129,600","Amherst, WI / 1,180"
"336","$129,300","Loganville, WI / 262"
"337","$129,200","Janesville, WI / 63,674"
"337","$129,200","Milton, WI / 5,562"
"339","$129,100","Hayward, WI / 1,951"
"340","$129,000","La Crosse, WI / 51,864"
"340","$129,000","Krakow, WI / 363"
"340","$129,000","Ridgeway, WI / 584"
"343","$128,700","Chaseburg, WI / 234"
"344","$128,600","Stoddard, WI / 790"
"344","$128,600","Waldo, WI / 627"
"346","$128,400","Marshfield, WI / 18,514"
"347","$128,300","Casco, WI / 520"
"348","$128,000","Green Bay, WI / 104,574"
"349","$127,900","Lake Ivanhoe, WI / 512"
"350","$127,700","Sayner, WI / 139"
"351","$127,500","Black Creek, WI / 1,305"
"352","$127,300","Pigeon Falls, WI / 381"
"353","$127,200","Monticello, WI / 1,270"
"354","$127,000","Edgar, WI / 1,561"
"355","$126,900","Grand View, WI / 177"
"356","$126,800","Lakewood, WI / 285"
"356","$126,800","New Post, WI / 278"
"358","$126,700","Kiel, WI / 3,757"
"359","$126,100","Wyeville, WI / 155"
"360","$125,900","Potosi, WI / 687"
"361","$125,600","Albany, WI / 1,167"
"362","$125,500","Bloomer, WI / 3,558"
"363","$125,400","Reedsburg, WI / 9,411"
"364","$124,400","Brillion, WI / 3,183"
"364","$124,400","Pepin, WI / 796"
"366","$124,300","Stratford, WI / 1,674"
"367","$124,200","Monroe, WI / 10,807"
"368","$124,000","Lake Wazeecha, WI / 2,611"
"368","$124,000","Buffalo City, WI / 1,057"
"370","$123,900","Plum City, WI / 618"
"371","$123,700","Clinton, WI / 1,997"
"372","$123,500","Reedsville, WI / 1,070"
"372","$123,500","Fond Du Lac, WI / 43,007"
"374","$122,600","Van Dyne, WI / 331"
"375","$122,500","Shell Lake, WI / 1,402"
"375","$122,500","Hollandale, WI / 330"
"377","$122,400","Washburn, WI / 2,190"
"378","$122,300","Glenbeulah, WI / 442"
"379","$121,700","Saint Cloud, WI / 490"
"379","$121,700","Kekoskee, WI / 168"
"381","$121,600","Milwaukee, WI / 598,078"
"382","$121,300","Francis Creek, WI / 529"
"383","$121,200","Marquette, WI / 114"
"384","$121,100","Rock Springs, WI / 352"
"385","$121,000","Forest Junction, WI / 635"
"386","$120,900","Fox Lake, WI / 1,544"
"387","$120,800","Pulaski, WI / 3,507"
"388","$120,700","Theresa, WI / 1,236"
"389","$120,600","Dresser, WI / 871"
"390","$120,500","Cecil, WI / 608"
"391","$120,300","Embarrass, WI / 603"
"392","$120,200","Waupun, WI / 11,336"
"392","$120,200","Jim Falls, WI / 157"
"392","$120,200","Horicon, WI / 3,658"
"395","$120,100","Amery, WI / 2,890"
"395","$120,100","Abrams, WI / 384"
"397","$120,000","Elk Mound, WI / 981"
"398","$119,800","Navarino, WI / 147"
"399","$119,400","Saint Nazianz, WI / 732"
"400","$119,300","Black River Falls, WI / 3,591"
"401","$119,100","Cuba City, WI / 1,899"
"402","$119,000","Mountain, WI / 310"
"402","$119,000","Oakdale, WI / 257"
"404","$118,900","Alma, WI / 766"
"405","$118,800","Cumberland, WI / 2,414"
"406","$117,900","Melrose, WI / 549"
"407","$117,400","Chief Lake, WI / 555"
"407","$117,400","Coon Valley, WI / 766"
"409","$117,300","Legend Lake, WI / 1,492"
"409","$117,300","Spring Valley, WI / 1,410"
"411","$117,200","Dodge, WI / 133"
"412","$117,000","Beaver Dam, WI / 16,331"
"413","$116,600","Ripon, WI / 7,699"
"413","$116,600","Chippewa Falls, WI / 13,803"
"415","$116,400","Tennyson, WI / 345"
"415","$116,400","King, WI / 1,626"
"415","$116,400","Friesland, WI / 405"
"418","$116,300","Woodville, WI / 1,282"
"418","$116,300","Whitehall, WI / 1,661"
"418","$116,300","Menasha, WI / 17,535"
"421","$115,900","Strum, WI / 972"
"422","$115,400","Clyman, WI / 376"
"423","$115,300","Oshkosh, WI / 66,430"
"423","$115,300","Nelson, WI / 308"
"425","$115,100","Brandon, WI / 920"
"426","$114,900","Cadott, WI / 1,384"
"426","$114,900","Mosinee, WI / 4,008"
"428","$114,800","Racine, WI / 78,347"
"429","$114,700","Hazel Green, WI / 1,173"
"429","$114,700","Gordon, WI / 203"
"429","$114,700","Bonduel, WI / 1,426"
"432","$114,600","Cobb, WI / 506"
"433","$114,500","Footville, WI / 752"
"434","$114,400","Mishicot, WI / 1,349"
"435","$114,300","Collins, WI / 178"
"435","$114,300","Emerald, WI / 177"
"437","$114,000","Randolph, WI / 1,695"
"438","$113,800","Montfort, WI / 710"
"438","$113,800","Wausau, WI / 39,209"
"440","$113,600","Stevens Point, WI / 26,778"
"441","$113,300","Superior, WI / 26,932"
"442","$112,900","Rudolph, WI / 539"
"443","$112,700","Valders, WI / 1,042"
"444","$112,500","Mason, WI / 84"
"444","$112,500","Thornton, WI / 91"
"446","$112,200","Chetek, WI / 2,413"
"446","$112,200","Viroqua, WI / 4,378"
"448","$111,800","Sheboygan, WI / 48,918"
"449","$111,700","Tomah, WI / 9,281"
"450","$111,600","Durand, WI / 1,755"
"450","$111,600","Juda, WI / 335"
"450","$111,600","New Holstein, WI / 3,223"
"453","$111,200","Montello, WI / 1,494"
"453","$111,200","Waupaca, WI / 6,016"
"455","$111,000","Lyndon Station, WI / 659"
"455","$111,000","Arcadia, WI / 2,953"
"457","$110,800","New London, WI / 7,091"
"457","$110,800","Cameron, WI / 1,912"
"457","$110,800","Highland, WI / 914"
"460","$110,600","Osseo, WI / 1,690"
"461","$110,200","Westboro, WI / 208"
"462","$110,000","Brodhead, WI / 3,285"
"462","$110,000","Turtle Lake CDP, WI / 343"
"464","$109,900","Eureka, WI / 268"
"465","$109,600","Gays Mills, WI / 483"
"466","$109,400","Brule, WI / 209"
"467","$109,200","Eden, WI / 749"
"467","$109,200","Deer Park, WI / 216"
"469","$109,100","Cazenovia, WI / 367"
"469","$109,100","Crandon, WI / 1,843"
"471","$109,000","Rice Lake, WI / 8,353"
"472","$108,500","Forestville, WI / 447"
"472","$108,500","Bay City, WI / 512"
"474","$108,400","Crivitz, WI / 1,071"
"475","$108,300","Hanover, WI / 178"
"476","$108,200","Markesan, WI / 1,510"
"476","$108,200","North Freedom, WI / 670"
"478","$108,100","Eleva, WI / 735"
"478","$108,100","Blanchardville, WI / 805"
"480","$108,000","Fairwater, WI / 370"
"481","$107,900","Doylestown, WI / 303"
"482","$107,600","Warrens, WI / 354"
"483","$107,400","Medford, WI / 4,349"
"484","$107,300","Lac Du Flambeau, WI / 1,835"
"484","$107,300","Maribel, WI / 346"
"486","$107,200","Luck, WI / 1,031"
"487","$107,100","Iola, WI / 1,336"
"487","$107,100","Shiocton, WI / 916"
"489","$107,000","Manitowoc, WI / 33,443"
"489","$107,000","Cochrane, WI / 470"
"491","$106,800","Maiden Rock, WI / 94"
"491","$106,800","Solon Springs, WI / 559"
"493","$106,500","Westby, WI / 2,246"
"494","$106,400","Athens, WI / 1,008"
"495","$106,100","Ashland, WI / 8,167"
"496","$106,000","Soldiers Grove, WI / 572"
"497","$105,900","Vesper, WI / 640"
"497","$105,900","Ettrick, WI / 617"
"499","$105,700","Hatfield, WI / 201"
"500","$105,600","Sparta, WI / 9,610"
"501","$105,400","Hilbert, WI / 1,048"
"501","$105,400","Oconto Falls, WI / 2,859"
"503","$105,300","Prairie Du Chien, WI / 5,829"
"504","$105,200","Independence, WI / 1,557"
"505","$105,100","Clear Lake, WI / 919"
"505","$105,100","Caroline, WI / 254"
"507","$104,700","Endeavor, WI / 464"
"508","$104,400","Rosholt, WI / 453"
"509","$104,300","Belmont, WI / 959"
"509","$104,300","Westfield, WI / 1,276"
"511","$104,200","Balsam Lake, WI / 829"
"512","$103,900","Mauston, WI / 4,446"
"513","$103,800","Scandinavia, WI / 357"
"514","$103,200","Weyauwega, WI / 1,709"
"515","$103,100","Abbotsford, WI / 2,134"
"516","$103,000","Berlin, WI / 5,451"
"517","$102,700","Schofield, WI / 2,204"
"518","$102,600","Lime Ridge, WI / 204"
"518","$102,600","Birchwood, WI / 497"
"520","$102,500","Siren, WI / 811"
"520","$102,500","Genoa, WI / 259"
"522","$102,400","Shawano, WI / 9,202"
"523","$101,400","Spencer, WI / 1,914"
"523","$101,400","Drummond, WI / 159"
"523","$101,400","Lowell, WI / 322"
"526","$101,300","Mondovi, WI / 2,723"
"527","$101,100","Richland Center, WI / 5,128"
"528","$101,000","Linden, WI / 541"
"529","$100,600","Lena, WI / 488"
"530","$100,400","Cambria, WI / 771"
"530","$100,400","Kingston, WI / 318"
"530","$100,400","Cassville, WI / 804"
"533","$100,300","Reeseville, WI / 668"
"533","$100,300","Milltown, WI / 1,062"
"535","$100,000","Clayton, WI / 742"
"535","$100,000","De Soto, WI / 291"
"537","$99,800","Glenwood City, WI / 1,250"
"538","$99,300","Augusta, WI / 1,556"
"539","$99,200","Downing, WI / 279"
"539","$99,200","Stetsonville, WI / 586"
"541","$99,100","Port Edwards, WI / 1,804"
"542","$98,900","Cornell, WI / 1,401"
"543","$98,800","Kewaunee, WI / 2,925"
"543","$98,800","Colfax, WI / 1,135"
"543","$98,800","Spooner, WI / 2,634"
"546","$98,600","Lone Rock, WI / 868"
"547","$98,500","North Fond Du Lac, WI / 5,000"
"547","$98,500","Cashton, WI / 1,034"
"549","$98,400","Biron, WI / 913"
"550","$98,300","Tustin, WI / 88"
"551","$98,100","Prairie Farm, WI / 476"
"552","$98,000","Frederic, WI / 1,032"
"553","$97,700","Peshtigo, WI / 3,481"
"553","$97,700","Necedah, WI / 1,011"
"553","$97,700","Livingston, WI / 645"
"556","$97,600","Birnamwood, WI / 903"
"557","$97,500","Fenwood, WI / 127"
"557","$97,500","La Valle, WI / 391"
"557","$97,500","Pella, WI / 189"
"557","$97,500","Alma Center, WI / 518"
"561","$97,300","Wild Rose, WI / 755"
"561","$97,300","Wilton, WI / 534"
"563","$97,100","Dellwood, WI / 603"
"563","$97,100","Algoma, WI / 3,152"
"565","$96,700","New Auburn, WI / 540"
"565","$96,700","Port Wing, WI / 136"
"567","$96,600","Fennimore, WI / 2,416"
"568","$96,300","Colby, WI / 1,788"
"569","$96,100","Grantsburg, WI / 1,227"
"570","$96,000","Centuria, WI / 1,001"
"571","$95,800","Downsville, WI / 129"
"572","$95,600","Bear Creek, WI / 437"
"573","$95,500","Blair, WI / 1,299"
"574","$95,300","Ridgeland, WI / 233"
"575","$95,000","Woodford, WI / 88"
"575","$95,000","Camp Douglas, WI / 539"
"575","$95,000","Friendship, WI / 631"
"575","$95,000","Tilleda, WI / 90"
"579","$94,700","Wittenberg, WI / 1,037"
"580","$94,600","Cable, WI / 206"
"581","$94,400","Two Rivers, WI / 11,577"
"581","$94,400","Franks Field, WI / 129"
"583","$94,200","Bloomington, WI / 836"
"584","$93,900","Knapp, WI / 458"
"585","$93,800","Turtle Lake, WI / 1,168"
"585","$93,800","Eastman, WI / 395"
"587","$93,600","Dorchester, WI / 929"
"587","$93,600","Boyceville, WI / 1,020"
"587","$93,600","Manawa, WI / 1,273"
"590","$93,400","Kellnersville, WI / 455"
"591","$92,900","Sextonville, WI / 390"
"591","$92,900","Hixton, WI / 525"
"593","$92,600","Coleman, WI / 697"
"594","$92,500","Union Center, WI / 226"
"594","$92,500","Big Falls, WI / 126"
"596","$92,300","South Wayne, WI / 457"
"597","$91,800","Marion, WI / 1,171"
"597","$91,800","Elmwood, WI / 957"
"599","$91,700","Coloma, WI / 415"
"599","$91,700","Shullsburg, WI / 1,151"
"601","$91,500","Neshkoro, WI / 406"
"602","$91,400","Junction City, WI / 457"
"603","$91,300","Clintonville, WI / 4,516"
"604","$90,900","Edmund, WI / 163"
"605","$90,700","Woodman, WI / 114"
"606","$90,500","Argyle, WI / 813"
"607","$90,400","Plainfield, WI / 981"
"607","$90,400","Benton, WI / 927"
"607","$90,400","Oconto, WI / 4,510"
"610","$90,000","Waumandee, WI / 68"
"610","$90,000","Millston, WI / 143"
"610","$90,000","Bowler, WI / 384"
"610","$90,000","Merrillan, WI / 650"
"610","$90,000","Mole Lake, WI / 598"
"615","$89,700","Darlington, WI / 2,284"
"616","$88,800","Ironton, WI / 280"
"616","$88,800","Thorp, WI / 1,678"
"618","$88,400","Kendall, WI / 476"
"618","$88,400","Webster, WI / 644"
"620","$88,300","Eland, WI / 266"
"621","$88,000","Tunnel City, WI / 179"
"621","$88,000","Boscobel, WI / 3,201"
"623","$87,800","Stanley, WI / 3,606"
"624","$87,700","Neillsville, WI / 2,287"
"625","$87,500","Gillett, WI / 1,417"
"625","$87,500","Hustler, WI / 184"
"625","$87,500","Milladore, WI / 245"
"625","$87,500","Aniwa, WI / 242"
"629","$87,400","Barron, WI / 3,392"
"630","$87,300","Browntown, WI / 280"
"631","$87,100","Ogdensburg, WI / 226"
"632","$86,800","Boyd, WI / 610"
"633","$86,700","Pittsville, WI / 872"
"634","$86,300","Merrill, WI / 9,491"
"635","$86,100","Cataract, WI / 136"
"635","$86,100","Ladysmith, WI / 3,327"
"637","$85,900","Wisconsin Rapids, WI / 18,162"
"638","$85,700","Wautoma, WI / 2,010"
"639","$85,500","Rib Lake, WI / 1,025"
"639","$85,500","Hillsboro, WI / 1,412"
"639","$85,500","Beloit, WI / 36,876"
"642","$85,100","Greenwood, WI / 1,059"
"643","$85,000","Almena, WI / 688"
"643","$85,000","Boaz, WI / 116"
"643","$85,000","Argonne, WI / 188"
"643","$85,000","Green Valley, WI / 90"
"647","$84,900","Muscoda, WI / 1,387"
"647","$84,900","Redgranite, WI / 2,143"
"647","$84,900","Phillips, WI / 1,505"
"650","$84,800","Minong, WI / 394"
"650","$84,800","Rhinelander, WI / 7,642"
"652","$84,700","Norwalk, WI / 632"
"653","$84,600","Lohrville, WI / 398"
"654","$84,500","Keshena, WI / 1,284"
"655","$84,400","Curtiss, WI / 298"
"656","$84,200","Gotham, WI / 234"
"657","$84,000","Almond, WI / 452"
"658","$83,900","Gilman, WI / 414"
"658","$83,900","Packwaukee, WI / 281"
"660","$83,800","Oxford, WI / 634"
"661","$83,600","Holcombe, WI / 190"
"661","$83,600","Gratiot, WI / 176"
"663","$83,300","Gresham, WI / 445"
"664","$82,900","New Lisbon, WI / 2,545"
"665","$82,600","Haugen, WI / 333"
"666","$82,500","Marengo, WI / 139"
"667","$82,400","Nekoosa, WI / 2,361"
"668","$82,300","Mount Hope, WI / 166"
"668","$82,300","Blue River, WI / 461"
"670","$82,200","Patch Grove, WI / 137"
"670","$82,200","Loyal, WI / 1,239"
"670","$82,200","Princeton, WI / 1,187"
"670","$82,200","Elroy, WI / 1,385"
"674","$82,100","Dalton, WI / 225"
"675","$82,000","Bancroft, WI / 607"
"676","$81,700","Wheeler, WI / 340"
"677","$81,500","Adams, WI / 1,570"
"677","$81,500","Sheldon, WI / 209"
"679","$81,300","Arkansaw, WI / 169"
"679","$81,300","White Lake, WI / 303"
"679","$81,300","Exeland, WI / 208"
"682","$81,200","Conrath, WI / 109"
"683","$81,100","Elcho, WI / 275"
"684","$81,000","Little Round Lake, WI / 1,301"
"685","$80,900","Bruce, WI / 754"
"686","$80,500","Pound, WI / 484"
"687","$80,000","Poy Sippi, WI / 377"
"687","$80,000","Glen Flora, WI / 74"
"687","$80,000","Melvina, WI / 80"
"687","$80,000","Jump River, WI / 47"
"687","$80,000","Tigerton, WI / 865"
"692","$78,900","Wonewoc, WI / 877"
"693","$78,400","Unity, WI / 363"
"693","$78,400","Prentice, WI / 566"
"695","$78,300","Lewis, WI / 99"
"696","$78,100","Marinette, WI / 10,890"
"697","$78,000","Chili, WI / 298"
"697","$78,000","Chelsea, WI / 109"
"699","$77,900","Kennan, WI / 134"
"700","$77,700","La Farge, WI / 668"
"701","$77,600","Bagley, WI / 493"
"702","$77,500","Lynxville, WI / 161"
"703","$77,400","Arpin, WI / 353"
"704","$77,200","Antigo, WI / 8,075"
"705","$77,100","Wausaukee, WI / 520"
"706","$76,700","Leopolis, WI / 67"
"706","$76,700","Bell Center, WI / 118"
"708","$76,500","Nichols, WI / 189"
"709","$76,400","Taylor, WI / 462"
"710","$76,100","Wabeno, WI / 530"
"711","$75,800","Ogema, WI / 211"
"711","$75,800","Ontario, WI / 517"
"713","$75,600","Rewey, WI / 300"
"714","$75,500","Viola, WI / 713"
"715","$75,100","Park Falls, WI / 2,256"
"716","$75,000","Suring, WI / 379"
"717","$74,700","Dallas, WI / 388"
"718","$74,600","Laona, WI / 466"
"719","$74,500","Wauzeka, WI / 669"
"720","$74,400","Montreal, WI / 760"
"720","$74,400","Fairchild, WI / 493"
"722","$74,300","Elderon, WI / 161"
"723","$74,000","Withee, WI / 528"
"724","$73,300","Yuba, WI / 86"
"725","$72,900","Weyerhaeuser, WI / 227"
"726","$71,900","Amberg, WI / 172"
"727","$71,300","Middle Village, WI / 262"
"728","$70,700","Catawba, WI / 100"
"729","$70,000","Hancock, WI / 286"
"730","$69,800","Mount Sterling, WI / 244"
"731","$69,400","Butternut, WI / 432"
"732","$69,000","Glen Haven, WI / 80"
"733","$68,900","Reserve, WI / 524"
"734","$68,500","Hawkins, WI / 342"
"735","$68,300","Lublin, WI / 91"
"736","$67,500","Couderay, WI / 102"
"736","$67,500","Steuben, WI / 106"
"738","$67,200","Owen, WI / 1,044"
"739","$66,900","Granton, WI / 397"
"740","$66,800","Readstown, WI / 409"
"741","$65,600","Winter, WI / 343"
"742","$64,700","Danbury, WI / 238"
"743","$63,800","Dunbar, WI / 116"
"744","$63,600","Humbird, WI / 198"
"745","$63,300","Florence, WI / 573"
"746","$63,000","Niagara, WI / 1,633"
"747","$62,000","Pence, WI / 120"
"748","$61,500","Avoca, WI / 625"
"749","$60,900","Hurley, WI / 1,570"
"750","$59,700","Mattoon, WI / 467"
"751","$59,600","Mellen, WI / 774"
"752","$58,800","Tony, WI / 82"
"753","$57,500","Babcock, WI / 66"
"754","$55,900","Newald, WI / 148"
"755","$53,800","Pembine, WI / 202"
"756","$53,300","Grand Marsh, WI / 70"
"757","$52,900","Glidden, WI / 399"
"758","$51,800","New Odanah, WI / 445"
"759","$50,800","Iron Belt, WI / 209"
"760","$49,700","Goodman, WI / 267"
"761","$49,400","Diaperville, WI / 55"
"762","$49,300","Ingram, WI / 87"
"763","$45,800","Neopit, WI / 603"
"764","$44,200","Radisson, WI / 144"
"765","$42,900","Saxon, WI / 73"
"766","$30,900","Zoar, WI / 183"
"767","$23,800","Birch Hill, WI / 302"
"768","$22,200","Bluffview, WI / 793"
